SUMMARY OUTPUT								
								
Regression Statistics								
Multiple R	0.571752962							
R Square	0.326901449							
Adjusted R Square	0.325321406							
Standard Error	15960.98301							
Observations	428							
								
ANOVA								
	df	SS	MS	F	Significance F			
Regression	1	52706849840	52706849840	206.8939493	1.61607E-38			
Residual	426	1.08525E+11	254752978.6					
Total	427	1.61232E+11						
								
	Coefficients	Standard Error	t Stat	P-value	Lower 95%	Upper 95%	Lower 95.0%	Upper 95.0%
Intercept	737.7988329	2357.134353	0.313006695	0.754428756	-3895.262547	5370.860213	-3895.262547	5370.860213
X Variable 1	10021.82437	696.7434466	14.38380858	1.61607E-38	8652.341483	11391.30725	8652.341483	11391.30725
